359676403,2018-01-23T04:55:21Z,2018-01-23T04:55:21Z
359691008,2018-01-23T06:39:04Z,2018-02-16T17:10:59Z
359705202,2018-01-23T07:52:26Z,2018-01-30T12:29:30Z
360023723,2018-01-24T05:18:07Z,2018-01-30T09:13:48Z
360055044,2018-01-24T08:22:25Z,2018-01-24T08:22:25Z
360074467,2018-01-24T09:39:56Z,2018-05-08T05:58:40Z
360403300,2018-01-25T09:01:40Z,2018-01-25T09:02:16Z
360572907,2018-01-25T19:25:50Z,2018-01-25T19:25:50Z
361221403,2018-01-29T11:46:29Z,2018-01-29T11:46:29Z
361253616,2018-01-29T14:00:52Z,2018-01-29T14:00:52Z
361523235,2018-01-30T09:04:56Z,2018-01-30T12:29:42Z
361560402,2018-01-30T11:07:50Z,2018-01-30T11:07:50Z
362783676,2018-02-03T06:08:48Z,2018-02-03T06:08:48Z
362794005,2018-02-03T09:40:58Z,2018-05-01T04:04:46Z
364071303,2018-02-08T10:37:11Z,2018-02-08T10:37:22Z
364664199,2018-02-10T15:46:04Z,2018-02-21T16:45:45Z
365248925,2018-02-13T12:11:06Z,2018-02-13T12:11:06Z
365250523,2018-02-13T12:18:45Z,2018-04-30T02:24:10Z
365352191,2018-02-13T18:05:17Z,2018-02-13T18:05:28Z
365366333,2018-02-13T18:52:48Z,2018-07-11T06:22:24Z
365387417,2018-02-13T20:05:19Z,2018-02-13T20:06:03Z
366214438,2018-02-16T11:43:16Z,2018-05-05T07:38:29Z
366253734,2018-02-16T14:42:54Z,2018-07-26T08:08:46Z
366262517,2018-02-16T15:14:05Z,2018-05-05T07:33:30Z
366413289,2018-02-17T03:35:15Z,2018-02-17T06:06:03Z
366427093,2018-02-17T08:45:38Z,2018-02-17T08:45:38Z
366760115,2018-02-19T17:34:19Z,2018-02-19T17:34:19Z
366966079,2018-02-20T12:44:05Z,2018-05-29T12:55:56Z
368206752,2018-02-24T07:11:36Z,2018-02-24T07:12:28Z
368216231,2018-02-24T09:50:15Z,2018-02-24T09:50:15Z
368325062,2018-02-25T16:56:53Z,2018-02-25T16:56:53Z
368325809,2018-02-25T17:07:24Z,2018-02-25T17:09:21Z
368327064,2018-02-25T17:23:58Z,2018-02-25T17:23:58Z
370127242,2018-03-03T07:37:28Z,2018-07-17T05:01:53Z
383266970,2018-04-21T04:30:20Z,2018-06-02T16:41:48Z
387796302,2018-05-09T16:25:05Z,2018-05-23T18:20:47Z
388643627,2018-05-13T17:42:54Z,2018-05-13T17:52:14Z
389390175,2018-05-16T04:23:01Z,2018-05-16T04:23:01Z
389413125,2018-05-16T06:48:20Z,2018-05-16T07:02:07Z
390686942,2018-05-21T15:21:23Z,2018-06-15T05:57:07Z
391317733,2018-05-23T11:46:21Z,2018-05-28T07:11:40Z
391384344,2018-05-23T15:12:21Z,2018-05-26T08:42:35Z
394079764,2018-06-02T11:21:41Z,2018-06-02T16:58:57Z
394101617,2018-06-02T16:59:01Z,2018-06-02T17:03:19Z
394101628,2018-06-02T16:59:10Z,2018-06-02T16:59:10Z
394140427,2018-06-03T06:27:55Z,2018-06-03T07:05:03Z
394167003,2018-06-03T14:42:03Z,2018-06-03T14:59:55Z
394946256,2018-06-06T05:39:04Z,2018-06-06T05:39:38Z
395940493,2018-06-09T05:03:58Z,2018-06-09T05:11:48Z
395970902,2018-06-09T13:49:34Z,2018-06-09T15:10:54Z
397254791,2018-06-14T10:56:32Z,2018-06-14T11:00:18Z
399491160,2018-06-22T15:57:40Z,2018-06-22T16:01:28Z
403438446,2018-07-09T10:48:39Z,2018-07-09T10:48:39Z
403726671,2018-07-10T07:23:42Z,2018-07-10T07:23:42Z
403733031,2018-07-10T07:50:23Z,2018-07-12T14:29:13Z
403771316,2018-07-10T10:08:45Z,2018-07-10T10:08:45Z
404063897,2018-07-11T06:50:41Z,2018-07-11T06:52:24Z
404502026,2018-07-12T12:54:06Z,2018-07-12T12:55:53Z
405099775,2018-07-15T15:39:37Z,2018-07-15T15:39:37Z
406878626,2018-07-22T16:16:48Z,2018-07-22T16:49:36Z
408014032,2018-07-26T08:10:02Z,2018-07-26T10:32:35Z
408535228,2018-07-27T20:50:27Z,2018-07-27T20:50:27Z